text,label,prediction
 semoga sehat sehat selalu semuanya,0,0
sangat keren  meraih kemenangan besar di ambil4d langsung berlibur ke luar negeri,1,1
untung aja bukan sandro yang ngejawab   wkkkk,0,0
 gw grand prize kepilih boꮤo77 ya allah jam,1,1
wah  sorjp88 gacor banget  jackpot terus  aku jadi nggak bisa berhenti main,1,1
 perasaan tadi ada vidio yg sama kenny   kok ga ada ya gaes,0,0
@madridCharlop-q9s utang lunas cuma main di dewadora,1,1
@kasamago keren    generasi sineas emas,0,0
@isroni2361 belum lama perselingkuhan pegawai bumn d kota gersik d bongkar sama heaker itu lebih gila lg dan lebih ngeri lg  dan keseret sampe kasus korupsinya wkwkwk,0,0
@AmanciniAndrei-v3s gw main di agustoto  depo kecil aja udah bikin mekswin terus,1,1
tertawa tapi terluka,0,0
@KrisKris-w5h wokwowkw,0,0
@IthachiEismail-x4i agustoto aku bru dftr  langsung dikasih menang,1,1
awokwowkok,0,0
@adireksatzy2117 dingin ga disinii,0,0
qori mau tobat nga jadi,0,0
mencari tantangan baru  aero88-bisa menjadi jawabannya,1,1
beberapa pemain melaporkan pengalaman positif dengan aero88,1,1
 jp lagi  jp lagi di dewadora  rezeki emang lagi bagus,1,1
 itu kata  bener juga ya  keknya lebih ngejawab ke  eh gw salah nanya gk sih,0,0
37 spa tuh,0,0
 agustoto aku cba bentar aja  lngsg wd gede,1,1
@Rizkiaprilian44 terima dulu angpao nya,0,0
@QuangVietDuong-j8w timo4d mantap gacirnya,1,1
ambil4d  terbaikk jepe terus bro,1,1
@Zeora_ෆ ter pelantung dikit tidak ngaruh boyy wkwkwkw,0,1
@nohemiKcross-i1n agustoto gua cba cba  hasilnya langsung jackpot,1,1
 anjing anjing gandeng goblog babi,0,0
 klo di gabungin gak ad obat ni orang berdua,0,0
@randykirasanditha5132 absen dulu yg pagi ntn bang radit,0,0
@PhuongLoanDo-c4z scene ini bikin merinding    probet-855,1,1
 ini tutorial yg membutuhkan orang2 yg sangat terpercaya dan tidak cepu  masalahnya orang2 yg tidak cepu ini kan langka  andai kata ada 1 aja yg miss  kelar sih case qory   orang yg ingin berteman itu banyak  tapi orang yg the real wingman itu gak bisa dicari,0,0
 letsgo,0,0
@Qorygore bentar lagi kcd 2 nihh ahuuyyyy,0,0
gak nyangka bisa dapat segini dari agustoto auto traktir sekeluarga,1,1
 waduh,0,0
hari yang menyenangkan berkat a m b i l 4 d  rezeki datang menghampiri,1,1
tembak langit tai,0,0
 beberapa pengguna melaporkan hasil positif dari penggunaan aero88,1,1
@muhamadalif768 nguli kapan vhie,0,0
@Sparlingartshop-b4v temukan kemungkinan yang dapat dibuka oleh agustoto,1,1
 tadi pasang rezeki b o ꮃ o 7 7 reward 10k,1,1
@hokyanwijaya waduh 2 19 sekte wbu kecak   mana saya ikutan wkwkkwwk salam wibu kecak semarang bang,0,0
@ParstusMastuti-g9d rezeki hari ini datang dari agustoto  nggak nyangka,1,1
beberapa pengguna menemukan aero88-sebagai alat yang berharga untuk berjejaring,1,1
@christsaxon mending hidung pesek natural drpd begini jelk bgt,0,0
malah recall recall,0,0
 handsome,0,0
lagi pms inimah,0,0
gendutan yaa wkwk,0,0
 nyi roro kidul itu siapa sih kok di takutin bgt sih padahal bukan manusia,0,0
@freddyhutapea7246 lina benar-benar op  makanya di patch berikutnya cm perlu di-nerf,0,0
 agustoto gua gk nyangka  saldo lngsg nambah banyak,1,1
bagi ilmu gery     pnisisir ama bahan2 a,0,0
@kadekadi9004 eh gua salah nanya ya,0,0
@quanghữu1995 review-nya bikin aku yakin   mona4d  bikin aku pengen beli produknya,1,1
@roslianaFerraz-d1i kalo mafia mulai main  ambil4d mungkin mereka bakal lebih sering ketawa daripada bikin rencana,1,1
@imanuelDevasia-l5t agustoto giliran gue hoki  sekarang giliran lu,1,1
maxwin didepan mata settingan udah paling mantap  situs    generasi88        nih bo aman dan terbaik,1,1
@shabbirsnaper-t5k main di dora77 langsung bikin hari jadi lebih cerah,1,1
@PhucHuyBui-i4w pujian yg spantasnya di  sgi88 keren abis,1,1
@abbieyogantara chicchoo kurniawannnn  soop spoken bgttt bjirrr,0,0
selamat tahun baru ambil4d mantap selalu,1,1
seger kalee bangun tidur langsung nyelot di  ambil4d   dkasi jp broo gilee ahh,1,1
@ThuQuanDo-b9z premium banget visualnya  probet855 top,1,1
beneran nih  cuma sekali main langsung dapet hasil gede di aero88 kalian nggak penasaran,1,1
main di dora77-auto happy  rezeki emang sudah diatur,1,1
@LanNhungTran-i1s grafiknya di  sgi88  keren abis  gameplaynya juga seru,1,1
@MlopezAkhter-i3b bila lagi dikasih keuntungan serupa  ambil4d  wd sangat aman,1,1
rezeki nomplok dari aero88  modal kecil  hasilnya luar biasa  pasti balik lagi,1,1
 prosesnya sangat cepat  terima kasih kepada pulau777,1,1
@alvinmaulana8518 kcd bang qore,0,0
@rerimuhammad no buy challenge ini ramai di desember 2024 dan januari 2025  dan kalau mau dibilang ini keingat pas baca buku ngomongin uang di bab perhatikan pengeluaran  no buy challenge ini sebenarnya lebih ke resolusi yang antara bisa terwujud atau harus dengan pendekatan  karena banyak pertimbangan dalam beberapa hal  saya sendiri merasakan hal ini sejak 2023 dan ada momen pahit dalam hal ini,0,0
nanya doang loh,0,0
 itu suara jumpscare nya dluan njay baru nongol wkwk,0,0
@mohammadazaan1756 pemain lama pasti tau ganaasnya  manut88,1,1
@SijamHusna ah andai ini take dan tayangnya sebelum tingning rilis mungkin bisa lebih menambah penonton filmnya yak,0,0
5 hari nge dj,0,0
main di agustoto  maxwin tiap hari,1,1
awas jadi arap v2 yang bikin event weekend mahal banget,0,0
@alfanyaqin7779 gondanglegi go nasional,0,0
gacir banget main di agustoto hasilnya langsung berlipat ganda,1,1
@Chaidaraliaiimronchaidar-lz7fe kok wajah nya beda kak makin cakep aja,0,0
@deepinmyheart1438 apa ga panas tu mata anjir akwokakoww,0,0
@mlakinCstyles-x2p kak kebagusan soal spin emang   ambil4d   rekomen banget baru gua wd bikin meleleh dapat user pro banget palink rekomen   ambil4d   rajanya spin,1,1
 nooo vinnn,0,0
 hidungnya wendy kok kyk jd naik ya,0,0
 agustoto gua gmpang banget wd kalo main dsini,1,1
nyapu maju grace,0,0
 jakpot besar datang tiba-tiba di doяa77  penasaran kan,1,1
@mitaong4431 nyi roro kidul iya dewi kwan im,0,0
beli 5090 kah si jot,0,0
 bom,0,0
@kkammel12 baru tahu lutesha dah nikaahhh,0,0
coba-coba main dan ternyata rezeki datang  langsung gacir di dora77,1,1
@GyuhaPamungkas lutesha di bigfour sih keren,0,0
@QuyetThangLuong-v3i terima kasih udah bikin video ini  probet-855 gak cuma menghibur tapi juga menginspirasi,1,1
@wawanmodeh3558 assalamu alaikum  bang masih cari jodoh   atau udah dapat   kalau belum jalan  kesini sebab ada yang mau dikenalkan ya meski masih kuliah tapi gpp kan kalau kenalan dulu,0,0
kok gua bang,0,0
kesian aloy,0,0
@YohanesWata keren,0,0
@SwanlundOjomo-s6h sungguh edan  jp yang sangat fantastis dan luar biasa besar di agustoto  kembali memecahkan rekor yang ada,1,1
 kenapa jd banyak komen judol gini blay,0,0
@ScarvalhoDcannon-s9p agustotomenawarkan pengalaman daring yang berbeda,1,1
@rotarukinzonzi-g1m seger kalee bangun tidur langsung nyelot di  ambil4d   dkasi jp broo gilee ahh,1,1
@anashernandez8695 berimbang seruuu,0,0
@ShoemakkVignesh-t2w dora77 menawarkan kesempatan untuk belajar dari orang lain,1,1
 keuntungan besar bikin aku makin semangat main di aero88,1,1
@Getol_ibadah betul  sya tau tempat itu,0,0
sorjp88 gak pernah bohong  jackpot terus datang,1,1
@ThiTienHoang-x5g suka banget liat proses di balik layar kayak gini   probet8  5  5   jadi makin respect sama kreatornya,1,1
ketua nih,0,0
maap dahh jottt,0,0
@NgocChiDang-t3q ngramal2 ternyata benar di  sgi88 gampang maxwin,1,1
@nname0794 5 detik yang luar biasa yahh,0,0
udah yapping nya,0,0
 frank suka nge prank,0,0
 kita-kita masih ngepet boꮃo77 kekayaan gilaa,1,1
@MchoiBennett-f4o hanya dengan modal kecil bisa meraih untung berlipat di agustoto  sungguh luar biasa,1,1
 maen game simulasi jadi pendeta dong,0,0
@KmcgheeSupriadi-s3p aku lagi coba-coba  eh malah dapet jakpot  kamu juga bisa  loh  di agustoto,1,1
agustotobikin lupa semua beban  hiburan yang sangat menyenangkan,1,1
@ariniulfa5273 halo,0,0
depo dikit  langsung maxwin di agustoto,1,1
@VanThaoHo-o1j tetap semangat ya  kami selalu dukung  probet-855,1,1
 jakpot besar bikin aku makin bahagia tiap kali main di dewadoяa,1,1
tapi mending yuka daripada lu wkwk,0,0
 dora77 ini beda sih  gacornya kebangetan bikin nagih,1,1
 baru daftar depo cepek ribu  langsung cair 10 juta  aero88 gachor pol,1,1
@farishakim7977 kopi cetol udh di tutup kan,0,0
@goingto33 sepertinya ngasih kode in deep thought  sadar atau engga  mgkn aku salah info,0,0
setiap hari ada aja kejutan dari aero88 bikin semangat,1,1
 upload piiii,0,0
 alhamdulillah putar 150k bowo77 gandos langsung,1,1
nyapu ya maju org sya kerja di hotel udah 4th lebih,0,0
lah bukanya nyapu itu maju  kira arahin ke depan   kalau ngepel baru mundur,0,0
 apa    melatih bintang bintang,0,0
@VanPhongHoang-z1j akhirnya yg di tunggu2  probet-855 gas,1,1
agustoto gua yakin banget ini tempat terbaik buat main,1,1
 gw auto cuan cair b o w o 7 7 super bonus fantastis,1,1
 tapi iya juga ya  aku izin tanya sebagai yang bukan chindo  apakah yang sudah tidak berumah tangga itu wajib kasih angpao,0,0
anjayyyy siap king,0,0
jot jot,0,0
 mencari platform untuk memperluas pengetahuan anda  agustoto mungkin tempatnya,1,1
 sapu bersih semua hadiah dan bonus yang ada di dora77  auto jadi crazy rich,1,1
@pareekRomero-k1r pertimbangkan untuk menjelajahi agustotojika anda menghargai komunitas dan rasa memiliki,1,1
ini yang dulu mau tusuk tusuk orang bukan sih,0,0
@lovvveuuuu kangen kuli,0,0
agustoto  mekswin terus,1,1
@QuangTamPham-h5p nggak ngerti lagi harus komentar apa selain  probet-855 ini keren banget  dari visual  suara  pesan  semuanya harmonis banget  kamu nggak cuma bikin video  kamu bikin pengalaman  penonton tuh nggak cuma nonton  tapi ngerasain  teruslah berkarya karena kontenmu bukan sekadar konten ini karya seni,1,1
abaikan aje orang sirik grace,0,0
 njirr seru ketemu lawan kang triksot nih agri,0,0
 v gw di unmute dong,0,0
@IaschiCooper-g7k dora77 ga pernah nyesel main,1,1
agustoto itu emg beda  mekswin gampang bgt,1,1
@CchanDrury-v2l tidak menyangka bisa mendapatkan sebanyak ini dariae-ro88  langsung mentraktir teman-teman,1,1
 lah  kirain video panjang,0,0
@CazaresLeggs-c3t pecah banget di agustoto,1,1
 pertanyaan nih kalian yang anti bet sama info politik paham ga sih apa itu politik  kalo belum belajar dah hp bisa searching kok,0,0
 jika anda mencari rasa kebersamaan  dora77 layak dicoba,1,1
 wkwkwkkwkw gokiiilll coook,0,0
 aero88 aku main dikit  lgnsung dapet hasil gede,1,1
@JordanFrate-h7u agustotoadalah platform yang didedikasikan untuk inovasi dan kemajuan,1,1
 komen,0,0
@Anomali69 ku kakang eta ku kakang,0,0
komennya judol semuaa,0,0
 sumpah demi apa   minggu ini hari brobrogore bangettt  upload teruss bangg,0,0
@Rif_Q1 nunggu petir dulu sih itu bang kalo itu baru lepas,0,0
@DaffaAryasatyaNugraha mana ark yang kamu janjin itu sir vhie,0,0
@yuniiwulan chicco  3,0,0
 terima kasih aeяo88  keberuntungan terus datang,1,1
@MaiNganHoang-i3q menyala abangkuhh  timo4d,1,1
agustoto emang gacor  auto maxwin,1,1
@Williamleo-h5c my nose pesek,0,0
jadi kangen punya cewe ajgg gemes wkwkw,0,0
 saya curiga  jngan jngan bang juan ini robot   gk cpek attack,0,0
@Beirutalzaabeer p,0,0
@BaoHaChi-y9k masyaallah  vibes   probet855   bikin adem hati,1,1
nanam padi maju  kata orang pdip,0,0
@DiQa_San kalo uang udah banyak  enak nentuin negara dan tempat yg kita sukai,0,0
sakitttt syekaliii,0,0
 gila v  dari tuktuk racing sampe ke beli memeclrn,0,0
 gq,0,0
 aero88  jepe mulu,1,1
"@bl_int habis jalan  langsung nonton broo 
referensinya banyak amat dah",0,0
men doan,0,0
 bener-bener gacir  main pertama kali langsung menang besar di agustoto,1,1
 seru banget main di dewadora  pasti balik lagi buat jakpot lebih besar,1,1
@RipleyMello-w4x dikasi jp di waktu yang tepat pas lagi modal terakhir haha makasi  a m b i l 4 d,1,1
 ini lhooooooo,0,0
@abdurrahmanzaid5943 seperti tour standupnya bang pandji 10 000 hours,0,0
hahahahaha,0,0
@riands96 yang ngevideoin tuh tempat kopi gak ada otak  seharusnya lu nikmatin sendiri  gak usah di share ke sosmed  malah jadi tutup kan tempatnya,0,0
 bangsat share vidio   pendek   wlkwkwkkw,0,0
@gomgomirsantorosihite9346 pesona janda emang beda,0,0
jot bangsaat,0,0
@DenishaSolomon-j2l prosesnya sangat cepat  terima kasih kepada pulau777,1,1
dah haru ujung2 nya gorengan,0,0
@dianoktavia92 justru yang boti tuh orang-orang yang berusaha kabur dari realita,0,0
@IhnatsiukSxiong-e7v keberuntungan nggak mengenal waktu  buktinya dapet jakpot besar di agustoto,1,1
 main di dora77 langsung bikin hari jadi lebih cerah,1,1
tp gak guna anjir di sana,0,0
sebelumnya aku juga nggak percaya  tapi setelah coba di de wbad0ra langsung dapet rezeki besar,1,1
nyapu maju itu gimana dah otaknya,0,0
 bbg x aaa clan asik sih,0,0
makan mulu,0,0
@Kbrysonpathak-c2k agustotomenyediakan ruang untuk pengembangan pribadi dan profesional,1,1
aero88benar-benar yang nomor satu  sangat saya rekomendasikan kepada semua orang,1,1
@Thắng-Trịnh-Trúc vlognya bikin pengen ikutan   mona4d  bikin petualanganmu seru banget,1,1
@juliananda2173 intinya install alfagift ya,0,0
 jika anda ingin memperluas jaringan anda  agustoto-bisa bermanfaat,1,1
@dzakimutammadien4079 ternyata ini cerita full wingmen  dulu di conten si paling wingmen antara bang isal dan bang kenny akhirnya gak penasaran lagi   maksih udah di spilllpasti wingmen b bang isal,0,0
@Sunda-abal2 wkwkkwkwkwkw tetap semangat sir,0,0
 main di aero88 gachor terus  ga main rugi sih,1,1
awalnya hanya iseng-iseng mencoba bermain agustoto eh ternyata malah menjadi seorang ahli  rezeki pun datang terus menerus tanpa henti,1,1
@JproctorBeale-c7l nggak pernah gagal dapet jakpot besar di agustoto recommended,1,1
@HÂ3seyinpaliwal-q8v aero88 juara mekswin,1,1
 gaskun game horor,0,0
@VanLongHuynh-h1u masyaallah  probet-855 bikin takjub  visualnya ciamik  ceritanya penuh makna  dan hadiahnya bikin jantungan,1,1
 agustoto aku cuma cba  lgnsung wd gede,1,1
@Syeedelane-x5v sikat habis semua bonus dan promo di agustoto  auto jadi jutawan,1,1
kecap andalan gery kecap inggris,0,0
njir gw baru ngeh  background diluar ada di alam sutera    masih kawasan tangerang jg brarti,0,0
@fiqoaldila mungkin,0,0
@AlvaroHkhalid-m6r jepe langsung di agustoto,1,1
senang banget  main di doяa77-bikin hariku lebih cerah,1,1
garry g mau daftar master chef,0,0
ngapa ada bunda venus disitu gess,0,0
 jika anda memprioritaskan kesederhanaan dan kenyamanan  dora77 layak dieksplorasi,1,1
jakpot besar datang terus tiap main di agustoto recommended banget,1,1
 kevin jdi glow up ya skrng  dulu nonton pas jaman masih kurus,0,0
@QuangTuTran-k1y aku nonton tanpa skip karena emang sebagus itu  probet-855 mulai dari visual  suara  sampai pesan yang disampaikan semuanya pas banget  makasih udah bikin hari ini lebih bermakna,1,1
@MinhAnHo-n2o baca novel online  tokohnya nyebut  probet-855 dengan penuh semangat,1,1
@XuanTrongTrinh-k6p simple tapi kena banget di hati  probet855 mantap,1,1
@Siemenshuixiong-j9n pertimbangkan untuk melihat agustoto jika anda mencari sesuatu yang baru,1,1
@mazlanazdlan19 ngeriiii,0,0
wkwkwkw,0,0
 keren videonya  bikin termotivasi  boꮤo77 mungkin ada peluang lain buat nambah penghasilan,1,1
jir kok kek cewe gw,0,0
 valentine  push rank smpe dpt coklat dong,0,0
 motif sejuta umat,0,0
@BrianMo9200 singkat padat kan,0,0
@A-Je kevin jdi glow up ya skrng  dulu nonton pas jaman masih kurus,0,0
 y krn ekonomi bisnis  pasti ada hub ma politik sebuah negri   itu nyata   n fakta,0,0
@muhammadfirman3814 perasaan video full nya kan sudah di upload kan ya,0,0
 haluuus,0,0
@LuciferMrngstr361 bang collab sama tara arts dan gema show lg dong wkwkwk,0,0
bahkan pemerintah pusat tidak dapat menahan mahkotamu king,0,0
@MaiDungPhan-r7n mantappp  probet-855 sungguh menggugah selera makan,1,1
 nessie spill lipstick   please,0,0
kapan indo terbuka pelajaran sex  kalau perlu ada prakteknya biar pada gak tersesat,0,0
 loba judol eyyy,0,0
@Tiên_Viên_Khánh editingnya bikin takjub   mona4d  bikin video ini kelihatan mewah,1,1
gw main di agustoto  depo kecil aja udah bikin mekswin terus,1,1
 cuma   manut88    yg bisa belikan aku motor cash,1,1
 game tolol  yang maennya tolol juga,0,0
berarti bener bapaknya grace bapak bapak,0,0
@FerdaAhmet-m1n peminat terbanyakga ru da ho kidi indonesia,1,1
@nunnabyri ini nyamuk gede banget,0,0
@GalazBiobaku-r5h main di agustoto  auto jepe,1,1
@bunnybic denger suara chicco tuh adem bgt  the rill soft spoken,0,0
dulu dikit2 buyspin semenjak main di   ambil4d   gk pernah buy spin lagi sering banget dapet scatter,1,1
 aero88 gachor bener  tiap maen pasti aja jepey  bikin nagih,1,1
@Mkleevanabdullah-c3i9b cobain aja kalau gk percaya gw mah uda coba main di situs ambil4d wkwkwk emang benar situs ini mantap parah,1,1
 pokoknya de wa d0 ra recommended banget buat semua,1,1
 aero88 de po dikit lunas utang cok,1,1
@akufatihh baru diupload aja padahal udah mau habis episode gamenya,0,0
 rekomendasi terbaik buat cari hiburan yang gacir  pastinya dewadora,1,1
@Tbentleysantos-o8y aero88  cuan terus,1,1
@DieuTrangTran-q1p menang lagi dan lagi hari ini wkwkwkwkw  sgi88 sangat rekomendasi sekali,1,1
@horseheadd761 semangat kejar surganya bang,0,0
 awalnya hanya coba di manut88  taunya meledak terus,1,1
@mr.bonbon8310 kapan live lagi bg,0,0
@muhammadzulfikarfajrianto6618 jangan jangan tidak tercium pemerintah setempat   kopi cetol termasuk salah satu pendapatan daerah yang di kelola secara otonom,0,0
gary basti,0,0
 kok jarang live ama fandy sir,0,0
clip farming terus,0,0
wih  jp lagi dan lagi di agustoto rezeki emang lagi berpihak,1,1
 dora77  situs paling gacor,1,1
@msf3020 wkwkwkwk lc berkedok promosi motor ajg,0,0
@masattayatv5752 bangsat share vidio   pendek   wlkwkwkkw,0,0
grace nggk dapet honor sihh,0,0
gilaa banget sih jot,0,0
modal kecil main di agustoto untung berkali-kali lipat  mantap,1,1
@Mrzm04 wah ada mikropon pelunas utang gini,0,0
@AgusWeayav selalu menjadi tempat favorit wibu69jp memang yang terbaik sangat direkomendasikan,1,1
agustoto aku main bentar  saldo lgnsung byk,1,1
pertanyaan king tertuju sama duda,0,0
@mahdihardiyanto kapan contract vile,0,0
@LongDuongdong ceritanya bikin haru   mona4d  bikin emosinya terasa banget,1,1
@mufadadav554 selama g penting dan g dibutuhin buat apa dibeli,0,0
@stonekumar-t5z cuan di agustoto gampang,1,1
bir123 gk prnh buat kecewa,1,1
@SzszGomez-p4i agustoto gua gmpang bgt dapet jekpot disini,1,1
@thắngcaongọc9 gameplay-nya seru abis   mona4d  bikin aku pengen ikutan main,1,1
@ThurlowKumar-s5z1y main di dewadora  cuan jadi mudah,1,1
 life is not fair,0,0
@QuangHungHo-o2k kontennya bikin betah   timo4d  juga bikin betah sampe pagi,1,1
@xeon1716 gw yg etnis thionghua pernah dengarbelum nikah ngak boleh kasih angpao  katanya bisa menjauhkan jodohorang zaman dulu  kalau bilang khiung hi harus ngasih angpaoangpao ngak boleh ditolak  harus diterima  mau besar atau kecilmya,0,0
@ThuNganHo-j9y probet855 vibes ramah  bikin betah,1,1
aero88emang mantul  jp-nya gak main-main,1,1
ketua di bilang  jgn bnyk ngomong  gila gak tuh,0,0
sialan mana gua ketawa lagi,0,0
 kita kebawa mystery box bowo77 50k gass,1,1
 beberapa pengguna melaporkan hasil positif dari penggunaan doяa77,1,1
 charles manson itu yang disebut2 joker dunia nyata bang qor  soalnya tingkahnya sama persis,0,0
lu mikir apa sih king qkwkks,0,0
kak kebagusan soal spin emang   ambil4d   rekomen banget baru gua wd bikin meleleh dapat user pro banget palink rekomen   ambil4d   rajanya spin,1,1
@ngọckhúcđông1975 kontennya bikin ketagihan   mona4d  bikin aku ga bisa stop nonton,1,1
@muhammadarifrahman3244 itu kata  bener juga ya  keknya lebih ngejawab ke  eh gw salah nanya gk sih,0,0
@MmarioStout-t4f gini rasanya main di ambil4d mantap parahh,1,1
kontrak darah,0,0
@Kbrysonpathak-n8h agustoto gua wd gede  cuma modal kecil,1,1
@hoađặngcông64 musiknya bikin semangat   mona4d  bikin aku pengen joget seharian,1,1
jot   gua jealous,0,0
@rotarukinzonzi-g1m hanya di ambil4d    aku bisa ngerasain maxwin coyyy yang lain mah belum tentu bisa maxwin,1,1
@mas_pry yg komen pada meresahkan  tutup napa komennya min  ganggu banget,0,0
@LeKhanhDo-r3c 23 16 subhanallah  probet-855 bikin pengalaman main jadi beda  ceritanya penuh makna  visualnya keren  dan hadiahnya bikin dompet senyum,1,1
 gilaa jeder bom bowo77 duit 150k,1,1
@alvardnst udah kaya tembok jalanan,0,0
@Cyupsss emang ada rencana nikah kapan qor,0,0
cuan mulu main di sorjp88  jackpot gak ada abisnya,1,1
@dimasrrrolas yea bg,0,0
 jelas jelas bukti yang ada ga ru da hoki emang gachor haha mantap cok,1,1
maen di agustoto  cuan tiap hari,1,1
efek sound pas jot dateng sih ngakak yee,0,0
@aksalbachtiar5566 review raket nya bang,0,0
@DOMAINMONARCH singkat  padat  get ou,0,0
 lho mas din angkringan west,0,0
@rioaditya_ sebagai fans berat seinfeld   curb seneng banget liat obrolan ini wkwk,0,0
@Rizonxyz first,0,0
cendy beneran sama kitty ni gess,0,0
@ThiThaoDao-e6i gue yakin creator  probet-855 juga suka video gini,1,1
 red alert  game,0,0
aku penasaran  main sebentar di dewadora eh hasilnya luar biasa,1,1
main di dewadora-bikin dompet tebal  rezeki berlimpah,1,1
 rezeki nomplok hari ini datang dari de wa d0 ra  terima kasih banyak,1,1
@LisaJoanneSalim-ie1xf memank iya  sama aja kek elite global  kalau gak ama one eye fallen angel gak akan bisa juga mereka ampe rule the world,0,0
@miffrobach8883 coba cari expertise wingman di konten kemananich bang   atau mau buat konten khusus dengan cerita pengalaman brobrogore pas jadi wingman atau dibantu wingman  seru keknya,0,0
lomba tamiya nya  yg tipe ala apa ada larangan tidak boleh modifikasi terlalu besar apa gimana nih,0,0
gorengan rek wkwkwk,0,0
kwkwk ajg nanya buat cengin temenn taii,0,0
@fakhrihasan6139 upload piiii,0,0
@TamsHanford-c8u gokil sih  utang lunas cuma modal main di dora77,1,1
@Macleodvesga-r7x agustoto rugi banget kalo gk coba maen di sini,1,1
 kenyataannya kehidupan nyata banyak drama dan politik yang menyeret hukum  kalau gak gitu mana ada perusahaan besar yang ownernya berusaha disingkirkan dan dibangkrutkan usahanya  giliran kejerat baru nangis tu yang komen kebanyakan drama  sekelas rakyat kecil mengritik aja lihat tu tahun kemaren kena ujaran kebencian dan berita hoax masih yakin gak penting,0,0
 jika itu saya  saya tidak akan mengatakan itu kevin,0,0
 nguli kapan oy,0,0
ayoolahhh habis lebaran jogja 250jt damper style,0,0
@Kahn44 saya lahir di jerman mendadak ngelag gw ku kira bang boby dari belanda,0,0
jika anda menghargai kualitas dan perhatian terhadap detail  aeяo88-mungkin cocok,1,1
 pernah ga ready,0,0
ndutt ndutt,0,0
bermain bersama teman-teman di aero88-semakin seru dan asyik  semakin banyak pula rezekinya,1,1
@LushchekoRoque-p4g gacor bgt di dewadora,1,1
@lulakhadijahh2675,0,0
 agustoto aku bru pertama nyoba  jackpot lgnsung dateng,1,1
@marco-5647 hidup sia-sia saja,0,0
@naddcaine same hereee  cosplay n event yang lama2 cocok bangett pake iniii  flawless parah,0,0
si psling proposal,0,0
 malam ini terakhir kuli kah,0,0
kalo cewek masih bs marah2 brti dunia sedang baik2 saja,0,0
@redapleq menyapa pengangguran kah,0,0
xixixixi ngakak abiezzzzz king jot  sampai keluar peju dikit,0,0
 ana perfect tarik b o w o 7 7 modal joss,1,1
@hafizhfurqoon first,0,0
@galangeka8114 cuman kurang nya 1   kenny rambut gondrong,0,0
 yang lama napa qor bikin reaction nya kurang puas njir liatnya,0,0
@MingZhangCarlill-i8b mantap pol main di agustoto  cuan terus setiap hari,1,1
baru coba main di agustoto eh rezekinya langsung gacir  mantap banget,1,1
@nineMartin-h5p gila bener  depo 100 ribu jadi cuan 10 juta  aero88 top banget,1,1
@BuleBakso-ly3bg waduh,0,0
@EstevezEffendy-z2r dewadora menawarkan pendekatan kolaboratif dan berbasis komunitas,1,1
 seru banget main di de wa d0 ra  selain hiburannya seru  jakpotnya gacir terus,1,1
@nightgamingpk jangan gitu lah bang  gw belum ngopi kesitu  atau mau ngopi bareng kesitu,0,0
nggak salah pilih main di doяa77 rezekinya ngalir terus  top banget,1,1
 10000  betul,0,0
@elvinadewi5779 ajak christo main dnd bang,0,0
 lesgo,0,0
@BriaExtras setiap buka twitter  trending topic-nya gak jauh-jauh dari p  ul a  u w i n,1,1
tersedia kemenangan aja disini proses4d,1,1
@MiltonRobenbeck kenapa sih nama p ula uwin bisa muncul di banyak konten lucu,1,1
@bilzzthekidz7199 pertama ayah,0,0
 saveadikkecil,0,0
dokter tirta,0,0
@Tarungscratch-d8e de po 50 aja udah jadi 5 juta  ga nyangka bgt main di doяa77,1,1
agustoto emang beda  maxwin terus,1,1
@brilianx2174 ark survival bang,0,0
@alhadidazier3474 kelamaan mas  endorse nya,0,0
@Williamhadda-e2i nggak pernah gagal dapet jakpot besar di agustoto  recommended,1,1
 wkwkwkwkkwkwkwkw,0,0
 kejar aku kalo bisa,0,0
 modal kecil berubah jadi hasil besar  cuma di dewadoяa,1,1
 idungnya jadi ngeri bet,0,0
@acexgod99 bro  anak gw normal gak sih  pull up 15x  push up 35x  sit up 25x  squat 50x  masih 12 tahun  wajar gak,0,0
hasil gacir bikin aku makin puas main di dora77 makasih banyak,1,1
duta kecap inggris emang beda,0,0
@DesireMoll detik menang multiply boԝo77 10k mantul,1,1
@PhuongThuyDo-e8b probet855   selalu bawa pesan positif  inspiratif,1,1
kalo udah maen di agustoto  ketagihan pasti soalnya gachor bgt,1,1
@steffensAsahoo-r8m utang lunas seketika abis maxwin di agustoto,1,1
@LazyFame ini sarkas ya teman2  v,0,0
 langsung dapet jakpot gede  coba main di agustotodan buktikan sendiri,1,1
jangan ragu    gacor parah disini     a m b i l 4 d terbaik 2025,1,1
@iyan1994 semoga sehat sehat selalu semuanya,0,0
 aeяo88 menawarkan berbagai fitur yang menarik bagi sebagian pemain,1,1
rezeki nomplok hari ini berkat aero88 alhamdulillah,1,1
sikat terus di agustoto  dijamin cuan gak ada habisnya,1,1
@ThaoGiangVu-b3e subhanallah  probet8  5  5   pengalaman yang luar biasa,1,1
@brokenlyn el oleng,0,0
 aero88 gua main iseng  malah menang gede,1,1
@fandi3328 gass lurdeee,0,0
gary best friend,0,0
@Demon獄 detik ke 59sebelum berhenti memakai g4nja   dan sesudah berhenti memakai ganj4 sebulan,0,1
@deluluck tanya dulu  berpikir kemudian,0,0
@RakaRidwan1 awowkwk smooth banget,0,0
@xavierJbarba-n8c baru daftar depo cepek ribu  langsung cair 10 juta  aero88 gachor pol,1,1
@Mkleevanabdullah-c3i9b lebih baik menerima kenyataan yang pahit daripada kemanisan yang palsu karena yang asli cuma di ambil4d,1,1
@nguyệtđứVc kontennya bikin betah nonton   mona4d  bikin aku ga skip sedetik pun,1,1
@restyaap pantesan saya pake jasa bersih2 xxgang tipi saya ilang,0,0
@itsdhipray_9256 bisa diam ga vin,0,0
@EstevezEffendy-i1p modal kecil tapi hasil gacir terus  cuma di dora77,1,1
 terinspirasi dari termehek mehek pasti,0,0
@Nejchevadaniel-g3c maxwin terus di aero88,1,1
malu ama yg tua hey,0,0
@WarungSegoCampur yes sir,0,0
@ViktorJames-k8r rezeki dari ambil4d emang gak ada duanya terima kasih ya allah atas limpahan rezeki-mu,1,1
@styloPandey-g5v agustoto  paling gacor,1,1
gak nyangka bisa dapat segini dari dora77 auto traktir sekeluarga,1,1
@rosalesPapworth-o5q situs mantap   ambil4d   gampang menangnya,1,1
 damn  straight to the point banget  kaget wkwkwk,0,0
agustotomenyediakan bentuk hiburan unik yang mungkin anda sukai,1,1
@MinhSonNgo-f9z editing probet855 smooth banget  bikin betah nonton,1,1
@Sikmapromax kapan live sir,0,0
@bungmotretID fiilm se fresh itu flop  emang selera pasar jelek,0,0
@mlakinCstyles-x2p bersyukur untuk hari ini  itu langkah pertama menuju kebahagiaan  google aja  ambil4d,1,1
nikmatilah kawan,0,0
udah terharu malah berubah jadi amarah,0,0
@MaiPhuongVu-y2t gak pernah mati gaya nih channel    sgi88 juga selalu on,1,1
@thitrọng77 keren abis transisinya   mona4d  bikin video ini smooth banget,1,1
@fahrizanurrahim9108 ngeri  jaman dlu sering bikin video sama arap sekarang collab sama mantan bininya,0,0
@soreranotsuite 29 september 2025 senin  23 08 wit selesai mencuci 4 ronde   menjemur  terima kasih banyak atas obrolan kalian,0,0
@bl00minglovee first,0,0
tarik semua hasil kemenangan dari agustoto saatnya mewujudkan impian,1,1
main di ambil4d uang jajan lancar tiap hari,1,1
@JstamperSugiarto-k3e agustoto gua coba maen  saldo lngsg nambah 3x lipat,1,1
@Ivanovmamun-i9w jakpot besar bikin aku makin bahagia hari ini  terima kasih agustoto,1,1
@IJLRS kelakuannya  hahaha,0,0
@gaunaannetts-u3w jepe gampang banget di agustoto,1,1
hiking atau piknik di taman atau ke pantai  atau ikut kelas memasak  cendykan suka masak gres  ntar cendy belajar masak sekalian ngajarin jot juga  biar akrab ges    kemarin kan lagi slek nih jot sama cendy wkwk kunjungin museum  mancing bareng  gua pernah lihat jot di marapton pernah mancing  kalau gak ke dufan ke trans studio jakarta  kalau gak nonton pertunjukkan seni,0,0
yg gabisa berenang makan df kah,0,0
emang di katain apa  soalnya gak terlalu liat komen  fokus ke live,0,0
@MendonaParmar-m7p jelajahi kemungkinan dengan aero88,1,1
tegang banget pas mau dapet jp di agustoto  tapi akhirnya dapet juga,1,1
@abomar85-s5f bang radit  yunomori onsen spa ada di singapore juga,0,0
@AgusWeayav wibu69jp  banyak yang ngomongin pasti seru banget main disini,1,1
laki laki tidak bercerita  tiba tiba bagi duit,0,0
@vikulinHaryadi-k6d rezeki melimpah tiap kali main di agustoto benar-benar luar biasa,1,1
dr tirta dateng  habis lu semua,0,0
nyapu rumah ama hotel beda lah kocak  bentuk sapu nya aja beda otomatis teknik nya beda  lu make sapu hotel di rumah  kocak awokawok,0,0
@VietdaoBao bikin aku belajar banyak   mona4d  bikin konten edukasi jadi seru,1,1
 pertama ayah,0,0
omeleteee,0,0
bahaya grace jgn terlalu ikuti mau viewers jot lagi nyetir soalnya hilang fokus nanti,0,0
 aero88 memberikan kesempatan untuk terhubung dengan beragam orang,1,1
 skip  harganya jauh lebih mahal daripada di toko oren,0,0
@NgocDungLe-f4r main di   sgi88  bikin hidup auto happy  rezeki datang tanpa permisi,1,1
 itu matanya bisa dicopot,0,0
@PickeNS485 sebelum komen judol menyerang,0,0
@IdrisgantengGamers bukan oleng ya supir mabok wkwkwk,0,0
menang kalah dapat uang      togel62,1,1
@haikalzulfikri9858 video apa bang,0,0
@ADUHKACAUDEHH ahuyyyy deeehhhh,0,0
@nkosiBostoni-u3x agustoto jekpot terus-terusan  lu harus coba,1,1
@Gagavvv lanjutin loundry simulator sir,0,0
@Pandjaitan7 halus banget senior sih ya masuknya,0,0
@MmaciasMarianna-w5j ambil4d tiap hari pasti ada yang weedey lu kapan,1,1
@maiVkim komedinya bikin ngakak parah   mona4d  bikin aku ketawa sampe nangis,1,1
 seru banget main di aero88  gak nyangka bisa menang besar,1,1
@michaelians5597 buset ketauan banget tuh ad hominemnya,0,0
pov guraisu pas garry jelasin kecap   bodo amat yg penting makan,0,0
 tolong goblok,0,0
 itutuh kalo nonton nba atau nfl itu kisscam suruh cipok yang sebelah wkwkwkkw,0,0
@flbzx well  itulah knp indo jdi negara dngan sdm r,0,0
@uyênngôngọc1983 keren banget konsepnya   mona4d  bikin video ini beda dari yang lain,1,1
 agustoto aku jadi sering wedey gara-gara tempat ini,1,1
semangat semangat guys jangan lupa pitamen,0,0
 no buy challenge ini ramai di desember 2024 dan januari 2025  dan kalau mau dibilang ini keingat pas baca buku ngomongin uang di bab perhatikan pengeluaran  no buy challenge ini sebenarnya lebih ke resolusi yang antara bisa terwujud atau harus dengan pendekatan  karena banyak pertimbangan dalam beberapa hal  saya sendiri merasakan hal ini sejak 2023 dan ada momen pahit dalam hal ini,0,0
gak nyangka bisa dapet segini main di aero88  auto traktir temen-temen,1,1
@HilmanJayadin hidup itu adil     yg ga adil itu pengadilan yg hukumnya hasil logika vallas,0,0
 siapa yang setuju openbook 1jam,0,0
@hudanbayu8624 wendy kaget ga sih dikasih tau scriptnya,0,0
kalo mau menang terus  main di sorjp88 deh  hoki parah  cuan terus,1,1
 pi liat itu pi,0,0
@SerhatAdnan malam ini all in master bowo77 auto sultan superwin,1,1
 jika anda menghargai umpan balik pengguna  agustoto mungkin pilihan yang baik,1,1
@Alieldinmodas-t7m agustoto gacor bgt  pecah terus,1,1
gokil abis  gak nyangka bisa menang banyak di dora77,1,1
@PauletteNeville-g2d tadi pasang rezeki b o ꮃ o 7 7 reward 10k,1,1
main di agustoto-auto good mood  rezeki emang gak kemana,1,1
main bareng teman di aero88-makin seru  makin banyak cuan,1,1
 betul bang ray kesehatan paling utama,0,0
bir123 selalu di hati breee,1,1
gokil  jp lagi dan lagi di agustoto rezeki emang lagi sayang banget,1,1
 aero88  cuan terus,1,1
 agustoto emang beneran gacor,1,1
asyik main di agustoto eh dapat jp gede  rezeki emang gak ketukar,1,1
rezeki hari ini datang dari aero88 nggak nyangka,1,1
@RosbozomAshraf-e2i sangat keren  meraih kemenangan besar di ambil4d langsung berlibur ke luar negeri,1,1
@tùngdiệpminh1955 kontennya selalu bikin happy   mona4d  bikin hari ini lebih asik,1,1
 yg komen pada meresahkan  tutup napa komennya min  ganggu banget,0,0
@CcoffmanRconnell-z4v main di a-ero88 bikin kantong tebal  rezeki melimpah ruah,1,1
 terima dulu angpao nya,0,0
ibu gw meninggal pas hari h-1 lebaran,0,0
@KathiCleary lihat orang jualan kaos di pasar  ada yang tulisannya p     u l a  u w i n,1,1
gini rasanya main di ambil4d mantap parahh,1,1
 mantap pol main di agustoto  cuan terus setiap hari,1,1
@alsaa-xw2dm kocak yallah,0,0
@firlirifaldi5900 bang main game pengantin iblis katanya oks,0,0
ga ru da ho kiterpopuler di indonesia,1,1
sungguh edan  jp yang sangat fantastis dan luar biasa besar di aero88 kembali memecahkan rekor yang ada,1,1
@pcbeginner3156 apalagi bapack2 random satu ini,0,0
agustoto  gacir banget,1,1
 biarkan wibu menikmati acaranya selagi ngga merugikan orang lain  normies2 klo ga paham gausah lah stich2 trus tempel caption seakan-akan melabeli semua wibu itu freak,0,0
 pertama dapet apa nih bang qor,0,0
@JuleMace kayak ada hype sendiri di kata pulauwin,1,1
@GietzenJsoon-k4s gak pernah bosen main aero88  selalu ada update dan inovasi terbaru,1,1
akhirnya dapet jakpot besar setelah coba-coba di agustoto kamu kapan coba,1,1
@rfyrafly angkut sekalian le,0,0
penasaran dengan agustoto  layak untuk dieksplorasi,1,1
@MedranoVwebb-m9h aero88 gua cba cba  lngsg hoki slalu,1,1
@YouMe-ff7fl 1 mnit,0,0
@QuangMaTruc_7044 kontennya selalu bikin kagum   mona4d  bikin aku ga sabar buat next video,1,1
@SawMen-s5r sepatunya dwiki typenya apa ya ada yg bisa kasi tau,0,0
iye deh sorry ye,0,0
gelut lagi gelut lagi,0,0
 semangat terus bang saya banyak belajar dari konten konten mu  semoga tetap lurus di jalan yang sudah banyak lika liku,0,0
gokil  gachor terus main di agustoto bikin auto ketagihan,1,1
ambil4d gua weedey geede lngsng plg,1,1
@QuangVietHuynh-b6o ini sih harus viral  sgi88,1,1
rezeki dari ambil4d emang gak ada duanya terima kasih ya allah atas limpahan rezeki-mu,1,1
siap king,0,0
@MasGakTau nyebelin tapi akhirnya seneng,0,0
 7 komen ke7,0,0
@TimurSerkan main iseng malah saldo meledak di   manut88,1,1
@KeaneUrwasi semangat kak nessie  btw shortnya aja bikin merinding apalagi full video,0,0
 petir kakek lagi ngamuk di situs  a m b i l 4 d  mang lagi rame perkalian disitu,1,1
@GerritsMaster-k8w kebetulan dapet rezeki besar di aero88  siap-siap main juga ya,1,1
gak nyangka bisa dapet segini main di agustoto  auto traktir temen-temen,1,1
@SalwaFitriawahyuni eta ku kakang,0,0
@Pereirarivera-l1l jp bertubi-tubi di agustoto  lagi on fire banget nih,1,1
@LopezAlpha-n9p modal kecil berubah jadi hasil besar  cuma di agustoto,1,1
@Berkahaisha before nya keliatan jawir banget njirr   nggak kebayang tu make up setebel apa cokk,0,0
@justdoit9866 sir lanjut lg lah,0,0
 ark nya mana sir,0,0
@Daysaster24 wait     boti,0,0
sekarang kok ndut lo gres,0,0
@sirobenggolo9885 maen ninja gaiden qor,0,0
@PresidentOfKim bisaa kali september 7th next nya,0,0
@RGRC-cm2nb mana ark blok,0,0
@VanChiLe-e4g rezeki dari  probet-855 bikin senyum lebar hari ini  terima kasih banyak,1,1
 dewadora maxwin trs jd lupa utang,1,1
@DucTheLe-h9r tutorial dong bang daftar di  probet-855 gimana caranya,1,1
@CopenHagen16 a b c s l o t 8 8 8 bonus new member 100,1,1
@fandi3328 nah ini dia yang di tunggu,0,0
nyapu majuu kocakk,0,0
@TaniguchiQuintos-n1o senang bukan kepalang bisa dapat rezeki nomplok dari aero88,1,1
@AlmeidaJirby-y2o agustoto emang beneran gacor,1,1
 keren juannnnnnn,0,0
@KimNguyetBui-l8k gila  probet8  5  5   bikin nagih parah  ceritanya dalem  visualnya ciamik,1,1
@Việt-Tôn-Trúc keren banget idenya   mona4d  bikin video ini unik dan beda,1,1
@Stirbuvanessa-f9q jepey trs ga ada putusnya  di agustoto,1,1
nyapu maju lah  yang mundur itu ngepel,0,0
 nah    hrs belajar semua jd bisa bgm menghadapinya   semangat terus mas ray,0,0
@hạnhninhhoàng1987 gameplay-nya seru banget   mona4d  bikin aku pengen ikutan main,1,1
@MmarioStout-t4f jangan ragu    mantap parah disini     ambil4d terbaik 2025,1,1
keren maksimal  menang banyak di agustoto auto jadi sultan dadakan,1,1
@mlakinCstyles-o9d bagikan pengalamanmu bermain  ambil4d    ini dengan teman-temanmu biar semakin seru jamin wd garansi aman,1,1
@tuyếtvũnguyệt1990 keren banget konsep videonya   mona4d  bikin ini jadi masterpiece,1,1
@RIPPATOEDownloads-p2x keren maksimal  menang banyak di a m b i l 4 d auto jadi sultan dadakan,1,1
 ajik lucu pisan knjut,0,0
 kemarin wild duaceng bowo77 anjay spektakuler,1,1
@Jyleexs jatuhkan link dc bangg,0,0
hiburan yang seru dan menguntungkan  ya cuma di agustoto-tempatnya,1,1
@ngọcđoàncông15 informatif banget  bro   mona4d  nambah wawasan  sukses terus buat kontennya,1,1
@Kementerian.netizen anjirr cantik gini koq,0,0
 agustoto gua coba cba  saldo lngsung nambah gede,1,1
 parah  main di agustoto-bikin ketagihan banget,1,1
ada aja gerakan tambahannya king jot,0,0
 nggak percaya bisa dapet jakpot di aero88  ternyata benar-benar gacir,1,1
agustoto gacir banget  serius,1,1
 ga ngerti lagi  depo 100 ribu jadi 10 juta  aero88 emang beda,1,1
@FeyzaRezan-j6f awal nya cuman penasaran   eh malah beneran jepe di ga rud ah oki,1,1
@ThuHaTran-s6v mantap bener  sgi88  tempat buat seru-seruan,1,1
@MAURICEGallo-w6g kemaren kena mantap b o w o 7 7 kekayaan 25rb,1,1
@rotarukinzonzi-g1m happy banget hasil dari ambil4d bikin hariku makin ceria,1,1
mmmmmmmm,0,0
de po kecil  mekswin besar di agustoto,1,1
@axg6338 drama mulu ah bosan,0,0
 dewadora  cuan terus,1,1
nami   grace     robin   michelle   yg sebenernya,0,0
apasih cewe kek gitu,0,0
@Kiddcaribean bantuik celos bang  kasian,0,0
@VanSonHoang-f6o ngramal2 ternyata benar di  sgi88 gampang maxwin,1,1
 itu bola mata bisa di keluarin  biasanua yg make orng yg ga punya bola mata,0,0
@Mkearnshandsome-d4x tarik semua kemenangan dari ambil4d saatnya belanja,1,1
hoki banget main sorjp88  slotnya gacor banget  menang terus,1,1
@LoginovSheokand-m8q gacir banget  dewadora the best,1,1
@MingZhangCarlill-i8b jika anda mencari rasa kebersamaan  dora77 layak dicoba,1,1
depo ga sampe cepek ribu  eh cuan 10 juta  agustoto ini legit,1,1
@mlakinCstyles-x2p cobain aja kalau gk percaya gw mah uda coba main di situs ambil4d wkwkwk emang benar situs ini mantap parah,1,1
 kaga nyangka g ar uda hoki beneran gachorr boss,1,1
 wahh,0,0
bila lagi dikasih keuntungan serupa  ambil4d  wd sangat aman,1,1
@SteckmanTvance-m4l utang lunas main di agustoto,1,1
 udah coba banyak tempat tapi a m b i l 4 d  paling mantep  ga nyangka bakal sering menang jadi ketagihan  gk nyesel main disitus ini,1,1
@FuatArzu-q6v malam ini kepilih epic win b o ꮃ o 7 7 100rb subhanallah,1,1
@Mmahmoodxiangyin-v9z sangat keren  meraih kemenangan besar di ambil4d langsung berlibur ke luar negeri,1,1
 nggak pernah gagal dapet jakpot besar di agustoto  recommended,1,1
